N°;Fecha;Medida;Actores;Lugar;Demanda
1;2/06/2025;Plantón;Trabajadores                  de construcción civil;Iquitos, Maynas, Loreto;"Exigen   a   la   empresa   Sinchi Karis         el         pago         de
remuneraciones"
2;2/06/2025;Plantón;Población  local  del  sector Virgen    de    Carmen    del distrito de Lircay;Lircay, Angaraes, Huancavelica;"Exigen    a    la    Municipalidad Provincial    de    Angaraes    el cumplimiento    de    obras    de desarrollo    en    favor    de    la
población local"
3;2/06/2025;Bloqueo;Mototaxistas;Cerro de Pasco, Pasco, Pasco;Rechazan     nueva     ruta     de transporte
4;2/06/2025;Plantón;Trabajadoras   sociales   de postas de salud Caylloma;Caylloma, Arequipa;"Exigen         reposición         de trabajadoras  que  habrían  sido despedidas      arbitrariamente,
según denuncian"
5;2/06/2025;Concentración;Población local de Cañete;Cañete, Lima Provincias;Exigen  puestos  laborales  a  la empresa Keda
6;2/06/2025;Toma de la universidad;Estudiantes         de         la Universidad   Nacional   de Juliaca (UNAJ);Juliaca, San Román, Puno;"Rechazan   el   accionar   de   la Dirección de Proyección Social y Extensión Cultural, la cual se niega    a    brindar    apoyo    al voluntariado y a los grupos de proyección social conformados por alumnos de la universidad, según    denuncian.    Además, exigen el cambio inmediato de la     actual     directora     y     la asignación        efectiva        del presupuesto destinado a estas
iniciativas estudiantiles."
7;2/06/2025;Plantón;Padres de familia de la I.E. Unión Progreso;Tambopata, Madre de Dios;"Denuncian    ante    la    UGEL Tambopata   malos   tratos   por
parte de la directora del centro educativo"
8;2/06/2025;Marcha;Sindicato de Obreros de la Municipalidad   Distrital   de Monsefú;Monsefú, Chiclayo, Lambayeque;"Exigen    a    la    Municipalidad Distrital          de          Monsefú Cumplimiento                        de remuneraciones,      beneficios, equipos  e  implementos,  entre
otros pedidos."
9;2/06/2025;Plantón;Artistas y actores;Cercado de Lima, Lima Metropolitana;"Rechazan ante el Congreso de la República la modificatoria de la Ley n° 28131, Ley del Artista, Intérprete  y  Ejecutante,  pues
afecta  su  estabilidad  laboral, según denuncian."
10;2/06/2025;Plantón;Familiares  de  una  víctima de presunta violación;"Gregorio Albarracín
Lanchipa, Tacna, Tacna";Exigen      justicia      ante      el Ministerio        Público        para presunta víctima de violación
11;2/06/2025;Plantón;Padres  de  familia  de  I.E. José Olaya;Piura, Piura;Exigen al Gobierno Regional de Piura la culminación de la obra de   modernización   del   centro educativo
12;2/06/2025;Plantón;Padres de familia de la I.E. n° 14024;Bernal, Sechura, Piura;Exigen    a    la    Municipalidad Distrital de Bernal la entrega de las   nuevas   instalaciones   del centro educativo.
13;2/06/2025;Bloqueo;Ronderos  de  los  caseríos de       Ñangalí,       Yumbe, Huambanaca y Sapún Bajo;Huancabamba, Huancabamba, Piura;"Exigen   a   las   empresas   de transportes   la   reducción   de tarifas de los pasajes hacia sus
zonas de residencia."
14;2/06/2025;Concentración;Maestros    Cesantes    del Perú (MACEP);"Ayacucho,
Huamanga, Ayacucho";Exigen pensiones dignas
15;3/06/2025;Plantón;Sindicato  de  Trabajadores de la Municipalidad Distrital de Cayaltí;Cayaltí, Lambayeque, Lambayeque;"Exigen    a    la    Municipalidad Distrital de Cayaltí el aumento del     salario     mínimo     vital, mejores condiciones laborales, cumplimiento    de    beneficios contractuales y respeto de sus
derechos laborales"
16;3/06/2025;Paro de 48 horas;"Sindicato  de  Construcción Civil   de   la   Provincia   de Caylloma  -  Arequipa  base Chalhuanca      -      Distrito Yanque, población local de
la provincia de Caylloma";Caylloma, Arequipa;Exigen a las empresas mineras Buenaventura,       Bateas       y Zafranal el cumplimiento de su responsabilidad       social       y medioambiental
17;3/06/2025;Vigilia;Movimiento           Manuela Ramos;Puno, Puno;Exigen justicia para víctimas de feminicidios
18;3/06/2025;Vigilia;Movimiento           Manuela Ramos;"Cercado de
Lima, Lima Metropolitana";Exigen justicia para víctimas de feminicidios
19;3/06/2025;Plantón;"Confederación  General  de Trabajadores     del     Perú (CGTP)  región  Ayacucho, Sindicato  de  Trabajadores de   Construcción  Civil  de
Ayacucho";Ayacucho, Huamanga, Ayacucho;Denuncian     actos     delictivos alrededor   de   obra   ejecutada por  el  Gobierno  Regional  de Ayacucho
20;3/06/2025;Plantón;Frente    de    Defensa    del Pueblo de Ayacucho;"Ayacucho,
Huamanga, Ayacucho";Denuncian     agresión     física contra menor de edad
21;3/06/2025;Plantón;Estudiantes         de         la Universidad   Nacional   de San Agustín;Arequipa, Arequipa;"Exigen      justicia      por      un compañero atropellado cerca a la      universidad      y      mayor
seguridad  en  los  alrededores del centro de estudios."
22;4/06/2025;Bloqueo;Población  local  del  distrito de Ate;Ate, Lima Metropolitana;"Exigen  a  la  Municipalidad  de Ate    acciones    frente    a    la creciente      inseguridad      del
distrito."
23;4/06/2025;Vigilia;"Sindicato      Unitario      de Trabajadores        en        la Educación       del       Perú
(Sutep) región Tacna";Tacna, Tacna;Exigen  pensiones  dignas  para cesantes y jubilados
24;4/06/2025;Marcha;Trabajadores de empresas mineras formales de Pataz, Asociaciones   de   Mineros Artesanales de Pataz;Trujillo, Trujillo, La Libertad;"Exigen   mayor   seguridad   en Pataz    y    mayor    presencia policial  y  militar  en  la  zona. Asimismo,    exigen    acciones
para erradicar la minería ilegal en la provincia."
25;4/06/2025;Plantón;Trabajadores        de        la empresa                Limones Piuranos;Sullana, Piura;Exigen  a  la  empresa  Limones Piuranos el pago de salarios
26;4/06/2025;Plantón;"Sindicato      Unitario      de Docentes           de           la
Universidad          Nacional Santiago      Antúnez      de Mayolo";Huaraz, Huaraz, Áncash;"Exigen     al     alcalde    de    la Municipalidad    Provincial    de Huaraz  la  rectificación  de  sus declaraciones   respecto   a   la Escuela        Profesional        de
Ingeniería Civil de la UNASAM"
27;4/06/2025;Plantón;"Sindicato Centro Unión de Trabajadores   del   Seguro Social     de     Salud     del Hospital    base    Cayetano Heredia,    Sindicato    CUT base    Hospital    II    Jorge Reategui               Delgado EsSalud,   Sindicato   CUT
base   Sullana   Hospital   I";Castilla, Piura, Piura;Exigen al Gobierno Regional de Piura       mejoras       en       la infraestructura   médica   de   la región
;;;"Sullana,               Sindicato
Nacional   de   Enfermeras del Seguro Social del Perú";;
28;4/06/2025;Marcha;Población local de Chilca;Chilca, Cañete, Lima Provincias;Exigen    a    la    Municipalidad Distrital       de       Chilca       la construcción de un puente para evitar accidentes de tránsito
29;4/06/2025;Plantón;Familiares  de  comerciante fallecido;Tacna, Tacna;"Exigen      justicia      Ministerio Público      de      Tacna      para comerciante      fallecido      tras persecución  policial  y  que  la investigación      avance      sin
irregularidades."
30;4/06/2025;Plantón;Madres de familia de la I.E. Bellido;Rímac, Lima Metropolitana;"Rechazan   presunto   maltrato
físico de docente a uno de los estudiantes"
31;4/06/2025;Plantón;Maestros    Cesantes    del Perú (MACEP);Puno, Puno;"Exigen al Gobierno Regional de Puno    pensiones    dignas    y
justas, así como el pago de la deuda social"
32;4/06/2025;Paralización de actividades;Sindicato  de  Trabajadores de   Construcción   Civil   - Base San Juan Bautista;Belén, Maynas, Loreto;Exigen  puestos  laborales  para la obra en el frontis de la base militar de Belén.
33;5/06/2025;Plantón;Maestros     jubilados     de Junín;Huancayo, Huancayo, Junín;"Exigen     ante     el     Gobierno Regional de Junín el pago de la
deuda   social   y   aumento   de pensiones"
34;5/06/2025;Plantón;"Movimiento           Manuela
Ramos,               colectivos feministas, sociedad civil";Cercado de Lima, Lima Metropolitana;Rechazan el proyecto de ley n° 10342,  pues  elimina  el  delito del         feminicidio,         según denuncian
35;5/06/2025;Marcha;Sindicato de Obreros de la Municipalidad Provincial de Chiclayo;Chiclayo, Chiclayo, Lambayeque;"Exigen    la    derogatoria    del Decreto   Legislativo   n°   1666, pues afecta negativamente sus condiciones    laborales    y    la autonomía   de   las   entidades
públicas, según denuncian"
36;5/06/2025;Concentración;Federación                     de Trabajadores  Municipales, Sindicato      Unitario      de Trabajadores        en        la Educación       del       Perú (Sutep), Comisión de lucha contra la contaminación del río Tumbes;Tumbes, Tumbes;"Exigen      soluciones      a      la contaminación  del  río  Tumbes para  garantizar  un  derecho  al agua.  Asimismo,  respaldan  el dictamen  del  Congreso  de  la República   contra   el   Decreto Legislativo     n°     1616     que aprueba la gestión fiscal de los recursos  humanos  del  sector
público"
37;5/06/2025;Plantón;Barristas del club de fútbol Sporting Cristal;Miraflores, Lima Metropolitana;"Rechazan                 resultados deportivos  negativos  y  exigen cambios  en  la  dirigencia  del
equipo"
38;5/06/2025;Marcha;"Sindicato  de  Trabajadores Municipales de la provincia
de Islay";Mollendo, Islay, Arequipa;"Exigen    a    la    Municipalidad Provincial de Islay el respeto de
sus derechos laborales"
39;5/06/2025;Plantón;Estudiantes  de  la  carrera de Ciencias de la Salud de la   Universidad   Autónoma de Ica;Ica, Ica;"Rechazan   el   cobro    por   la realización       de       prácticas hospitalarias.  Además,  exigen
diálogo    inmediato    con    las autoridades universitarias."
40;5/06/2025;Marcha;Sindicato  de  Trabajadores Municipales de Cusco;Cusco, Cusco;"Exigen     mejoras     salariales, estabilidad          laboral          y
cumplimiento       de       pactos colectivos"
41;6/06/2025;Plantón;Población  local  del  distrito de Caraz;Caraz, Huaylas, Áncash;"Denuncian           ante           la
Municipalidad    Provincial    de Huaylas  el  envenenamiento  y"
;;;;;"desaparición  de  canes  en  la
ciudad"
42;6/06/2025;Marcha;"Federación                     de Trabajadores        de        la Industria  Manufacturera  y Servicios  Afines  del  Perú (FETRIMAP   -   CGTP)   y
bases";Jesús María, Lima Metropolitana;Exigen  el  respeto  a la libertad sindical,       la       negociación colectiva y la derogatoria de la ley de ceses colectivos.
43;6/06/2025;Concentración;"Población  local  del  sector de  Auquimarca  del  distrito
de Chilca";Huancayo, Huancayo, Junín;"Exigen    a    la    EPS    Sedam Huancayo       un       apropiado
servicio de saneamiento"
44;6/06/2025;Marcha;Población  local  del  distrito de Juliaca;Puno, Puno;"Rechazan  la  medida  cautelar emitida por juez, la cual prohíbe realizar  modificaciones  en  los terrenos     destinados     a     la construcción    del    COAR    en
Juliaca."
45;6/06/2025;Bloqueo;Padres de familia del C.P. de Quistococha del distrito de San Juan Bautista;San Juan Bautista, Maynas, Loreto;"Exigen al Gobierno Regional de Loreto  la construcción  urgente de  una  nueva  infraestructura
educativa en su localidad"
46;6/06/2025;Marcha;Padres de familia de la I.E. n°     1245     José     Carlos Mariátegui Huaycán;Ate, Lima Metropolitana;Exigen    la    construcción    del centro educativo
47;6/06/2025;Plantón;Padres de familia de la I.E. Gran      Unidad      Escolar Mariscal Luzuriaga;Independencia, Huaraz, Áncash;"Exigen al Gobierno Regional de Áncash la entrega de la última parte   del   expediente   técnico para   la   construcción   de   la nueva      infraestructura      del
plantel educativo"
48;6/06/2025;Marcha;Padres     de     familia     y estudiantes de la I.E. Juan Scarsi;Samegua, Mariscal Nieto, Moquegua;"Exigen    a    la    Municipalidad Distrital     de     Samegua     la
construcción de infraestructura del centro educativo"
49;9/06/2025;Concentración;Maestros      cesantes      y jubilados    de    la    región Lambayeque;Chiclayo, Chiclayo, Lambayeque;"Exigen   al   Congreso   de   la República   la   aprobación   del
incremento  de  pensiones  y  el pago de la deuda social"
50;9/06/2025;Marcha;Comunidad  campesina  de Jotaquite;Kishuara, Andahuaylas, Apurímac;Exigen al alcalde del distrito de Kishuara   el   cumplimiento   de promesas electorales
51;9/06/2025;Plantón;"Estudiantes  de  la  carrera de     Enfermería     de     la
Universidad  Autónoma  de Ica";Chincha, Ica;Rechazan  ante  la  Universidad Autónoma de Ica el cobro para realizar prácticas hospitalarias
52;9/06/2025;Concentración;"Frente de Defensa por los Intereses  y  Desarrollo  de Nasca,               Asociación Federación    Agropecuaria Provincia       de       Nasca, Asociación     de     Artistas
Plásticos Visuales";Nasca, Ica;Exigen     la     preservación     y respeto        de        la        zona arqueológica  de  las  líneas  de Nasca
53;9/06/2025;Plantón;Familiares de adulto mayor que fue atropellado;Arequipa, Arequipa;"Exigen      justicia      ante      la Municipalidad    Provincial    de
Arequipa  por  el  atropello  de adulto mayor"
54;9/06/2025;Plantón;Comité    de    gestión    del sector    Columbo,    barrio Pueblo Nuevo de la ciudad de Cajamarca;Cajamarca, Cajamarca;"Exigen    a    la    Municipalidad Provincial   de   Cajamarca   la ejecución    del    proyecto    de alcantarillado  que  estaría  con observaciones    técnicas    sin subsanar         desde         años
anteriores, según denuncian."
55;9/06/2025;Plantón;"Asociación     de     Deudos Quemados y Huérfanos de
Incendio de la Tragedia de Mesa Redonda";Cercado de Lima, Lima Metropolitana;Exigen      justicia      ante      la Defensoría del Pueblo
56;9/06/2025;Plantón;Comité          Local          de Administración   de   Salud (CLAS)             Algarrobos, vecinos de los AA.HH. Los Algarrobos y Las Dalias;Piura, Piura;"Exigen mejoras urgentes en la
infraestructura                      del Establecimiento  de  Salud  I-4 Los  Algarrobos,  así  como  el abastecimiento   adecuado   de medicamentos      e      insumos
médicos"
57;9/06/2025;Plantón;Población  local  del  distrito de Castilla, alcalde distrital de Castilla;Piura, Piura;"Exigen  a  la  Corte  Superior  de Justicia de Piura el inicio de la revisión   de   expedientes   de defensa  relacionados  con  un proceso     judicial     para     el
reconocimiento de la propiedad de sus predios"
58;9/06/2025;Plantón;Familiares    de    personas detenidas;Iquitos, Maynas, Loreto;"Exigen   la   liberación   de   sus familiares,   detenidos   por   el caso    de    malversación    de fondos   de   la   Municipalidad
Distrital de Pebas."
59;9/06/2025;Plantón;Población electoral;Julcamarca, Angaraes, Huancavelica;"Denuncian que no figuran en el padrón electoral para participar en   la   consulta   popular   de revocatoria   contra   el   alcalde
distrital."
60;9/06/2025;Plantón;Trabajadores                  de construcción civil;"Huacho,
Huaura, Lima Provincias";"Exigen    a    la    Municipalidad
Provincial de Huaura el pago de las valorizaciones."
61;9/06/2025;Concentración;A.H. Los Ángeles;"Chiclayo, Chiclayo,
Lambayeque";Exigen solución a la inundación por colapso de red de desagüe
62;10/06/2025;Plantón;Población local de Nasca;Nasca, Ica;"Exigen     la     preservación     y respeto        de        la        zona
arqueológica  de  las  líneas  de Nasca"
63;10/06/2025;Marcha;Población  local  del  distrito de Santa María del Valle;Huánuco, Huánuco;"Exigen al Gobierno Regional de Huánuco  solución  al  conflicto por   el   recurso   hídrico   entre
población del distrito de Umari y Santa María del Valle"
64;10/06/2025;Plantón;"Asociación de Productores Agropecuarios                  y Forestales   Virgen   de   la Natividad,   Asociación   de Productores            Madres Trabajadoras,  productoras que  participan  en  la  Feria Sabatina de la Chacra a la Olla  en  la  Alameda  de  la
República";Huánuco, Huánuco;Gobierno Regional de Huánuco el  respeto  de  los  derechos  de las    productoras    campesinas ante el anuncio de reubicación por la ejecución de un proyecto de mejora en la feria
65;10/06/2025;Plantón;Federación   Centro   Unión De      Trabajadores      Del Seguro Social. De Salud  - Essalud y bases;San Isidro, Lima Metropolitana;"Exigen a la Corporación Fonafe el     informe     económico     de Seguro   Social   de   Salud   del Perú - EsSalud y la defensa del
pliego de reclamos 2025."
66;10/06/2025;Marcha;Central  Única  Distrital  de Rondas           Campesinas Huarmaca;Huarmaca, Huancabamba, Piura;"Exigen    a    la    Municipalidad Distrital  de  Huarmaca mejoras en los servicios públicos, en la infraestructura        local,        y transparencia   y   rendición   de
cuentas      en      la      gestión municipal."
67;10/06/2025;Plantón;"Sindicato        Mixto        de Trabajadores                 del Programa     Nacional     de Centros     Juveniles     del Ministerio   de   Justicia   y
Derechos           Humanos,";Veintiséis de Octubre, Piura, Piura;Exigen  al  Programa  Nacional de     Centros     Juveniles     un incremento remunerativo
;;;"Sindicato  de  Trabajadores
del    Centro    Juvenil    de Diagnóstico                       y
Rehabilitación Miguel Grau";;
68;10/06/2025;Plantón;Sindicato  de  Trabajadores del    Centro    Juvenil    de Rehabilitación             José Quiñones Gonzales;Chiclayo, Chiclayo, Lambayeque;"Exigen  al  Programa  Nacional de     Centros     Juveniles     un incremento remunerativo, bono por canasta familiar, entre otras
demandas"
69;10/06/2025;Marcha;Padres de familia de la I.E. Gran  Unidad  Escolar  Inca Garcilaso de la Vega;Cusco, Cusco;"Rechazan posible retorno de ex director   del   centro   educativo
por     presuntos     actos     de corrupción, según denuncian"
70;10/06/2025;Concentración;Población        local        de Cajamarca;Cajamarca, Cajamarca;"Exigen  a  la  empresa  minera Michiquillay,   a   través   de   su
fondo social, la construcción de la I.E. n° 82154 Michiquillay"
71;10/06/2025;Plantón;Colectivos, población local;San Borja, Lima Metropolitana;"Exigen     la     preservación     y respeto        de        la        zona arqueológica  de  las  líneas  de
Nasca"
72;10/06/2025;Plantón;Asociaciones   de   mineros artesanales de la provincia de Pataz;Pataz, Pataz, La Libertad;"Exigen  a  la  empresa  minera Poderosa la instalación urgente de    una    mesa    de    diálogo. Asimismo, exigen a la PNP y el Ejército medidas más drásticas frente     al     incremento     de criminalidad       vinculada       a minería      ilegal      y      crimen
organizado."
73;11/06/2025;Plantón;"Sindicato      Unitario      de Trabajadores Administrativos de Centros Educativos       del       Perú (Sutace)              provincial
Requena";Iquitos, Maynas, Loreto;Exigen al Gobierno Regional de Loreto la habilitación de plazas laborales
74;11/06/2025;Plantón;Sindicato Magisterial;Castilla, Piura, Piura;"Exigen a la Unidad de Gestión Educativa   de   Piura   (UGEL) Piura la reposición de docentes que   habrían   sido   separados
arbitrariamente,               según denuncian"
75;11/06/2025;Concentración;Colectivos  defensores  de animales;Los Olivos, Lima Metropolitana;Exigen justicia por el presunto envenenamiento de gatos
76;11/06/2025;Plantón;Sindicato  de  Trabajadores de Quimpac;Huacho, Huaura, Lima Provincias;"Exigen    mejores    condiciones laborales,    aumento    salarial, incremento de beneficios, entre
otros"
77;11/06/2025;Plantón;Vecinos  de  la  Asociación Ciudad de Paz;"Coronel Gregorio Albarracín
Lanchipa, Tacna, Tacna";Rechazan la instalación de una antena de telefonía en la zona por    parte    de    la    empresa Torrejón
78;11/06/2025;Marcha;Comerciantes del Mercado Mayorista    Pesquero    de Tacna;Tacna, Tacna;"Rechazan  presunto  abuso  de autoridad  de  la  Municipalidad Provincial de Tacna respecto a al     libre     comercio,     según
denuncian"
79;11/06/2025;Marcha;Padres de familia de la I.E. Wilfredo Zegarra Sandoval;Jepelacio, Moyobamba, San Martín;"Exigen    a    la    Municipalidad Distrital     de     Jepelacio     la construcción de obra del centro
educativo"
80;11/06/2025;Marcha;Asociación             “Unidos Construiremos   un   Nuevo Tumán”;Tumán, Chiclayo, Lambayeque;"Exigen la destitución del fiscal adjunto de la Fiscalía contra el crimen         organizado         de
Lambayeque y celeridad en las"
;;;;;"carpetas    fiscales    del    caso
“Wachiturros”."
81;11/06/2025;Marcha;Trabajadores  del  Hospital de Contingencia Manantay;Manantay, Ucayali, Ucayali;"Denuncian  deficiencias  en  el
funcionamiento del Hospital de Contingencia de Manantay."
82;12/06/2025;Plantón;"Maestros    Cesantes    del Perú    (MACEP)    -    Lima Metropolitana de UGEL 03
y  04,  Maestros  Cesantes del Perú (MACEP) - Pasco";Cercado de Lima, Lima Metropolitana;Exigen   al   Congreso   de   la República   la   aprobación   del incremento  de  pensiones  y  el pago de la deuda social
83;12/06/2025;Concentración;Maestros    Cesantes    del Perú (MACEP) - Huancayo;Huancayo, Huancayo, Junín;Exigen   al   Congreso   de   la República   la   aprobación   del incremento  de  pensiones  y  el pago de la deuda social
84;12/06/2025;Marcha;Asociación    Regional    de Cesantes  y  Jubilados  de Educación de Arequipa;Arequipa, Arequipa;"Exigen   al   Congreso   de   la República   la   aprobación   del incremento  de  pensiones  y  el
pago de la deuda social"
85;12/06/2025;Marcha;"Asociación   Provincial   de Cesantes  y  Jubilados  en Educación                      de
Chumbivilcas";Santo Tomás, Chumbivilcas, Cusco;"Exigen   al   Congreso   de   la República   la   aprobación   del Proyecto    de    Ley    n°    3864 mediante  el  que  se  propone nivelar     las     pensiones     de docentes    cesantes    con    la primera  escala  del  Magisterio. Asimismo, exigen el pago de la deuda  social  de  los  docentes
cesantes     y     jubilados     de Educación"
86;12/06/2025;Concentración;Asociación    Regional    de Cesantes  y  Jubilados  de Educación Cajamarca;Cajamarca, Cajamarca;"Exigen   al   Congreso   de   la República   la   aprobación   del proyecto de ley mediante el que se      propone      nivelar      las pensiones        de       docentes cesantes con la primera escala del     Magisterio.      Asimismo, exigen  el  pago  de  la  deuda social de los docentes cesantes
y jubilados de Educación"
87;12/06/2025;Concentración;"Asociación    Regional    de
Cesantes  y  Jubilados  de Educación";Piura, Piura;Exigen al Gobierno Regional de Piura el pago de deuda social
88;12/06/2025;Plantón;"Trabajadores administrativos      de      la
Universidad Andina Nestor Cáceres Velásquez";Juliaca, San Román, Puno;Exigen nuevas elecciones para la rectoría de la universidad
89;12/06/2025;Concentración;Coalición    de    Protección Animal      de      Chimbote, vecinos de la II etapa de la Urb. Buenos Aires;Nuevo Chimbote, Santa, Áncash;Exigen     justicia     para     can presuntamente envenenado
90;12/06/2025;Plantón;Sindicato de Celima;Jesús María, Lima Metropolitana;"Exigen     la     reubicación     de trabajadores                cesados. Asimismo, exigen al Ministerio de   Trabajo  y   Promoción  del Empleo  la  desaprobación  del cese     colectivo     en     última
instancia"
91;12/06/2025;Marcha;"Confederación Nacional de Trabajadores  de  Contrato Administrativo de Servicios del Perú - NFE CAS Perú, trabajadores        de        la Municipalidad Provincial de Jaén,  trabajadores  de  las gerencias  sub  regionales,
coordinadores             CAS";Jaén, Jaén, Cajamarca;Exigen    el    respeto    de    los derechos    laborales    de    los trabajadores del régimen CAS, gratificación   y  Compensación por Tiempo de Servicios (CTS), y la eliminación de la Ley Servir
;;;"Cajamarca,       Amazonas,
Lambayeque";;
92;12/06/2025;Plantón;"Sindicato        Único        de Trabajadores Administrativos      y      de
Servicios de la Universidad Nacional de Moquegua";, Moquegua;Exigen     a     la     Universidad Nacional       de       Moquegua mejores condiciones laborales
93;12/06/2025;Plantón;Docentes    y    padres    de familia de la I.E. n° 15317 Cesar    Vallejo    del    A.H. Consuelo de Velasco;Veintiséis de Octubre, Piura, Piura;"Exigen    a    la    Municipalidad Provincial      de      Piura      la culminación     de     obra     de infraestructura      del      centro
educativo"
94;12/06/2025;Plantón;Frente  de  Defensa  por  el Desarrollo del Medio Piura;Piura, Piura;"Exigen    a    la    Municipalidad Provincial de Piura proyecto de agua  potable  y  alcantarillado
para CC.PP."
95;12/06/2025;Plantón;"Madres   de   familia   de   la
I.E.I. n° 413 Luis Banchero Rossi";Ciudad Nueva, Tacna, Tacna;"Rechazan     contratación     de docente  acusada  de  presunta
violencia    psicológica    contra alumnos"
96;12/06/2025;Plantón;Trabajadores del puesto de salud La Natividad;Yurimaguas, Alto Amazonas, Amazonas;Exigen       a       la       Gerencia Subregional de Alto Amazonas presupuesto          para          la culminación de la refacción del centro de salud
97;13/06/2025;Plantón;Población local de Majes;Majes, Caylloma, Arequipa;"Rechazan        la         presunta sobrevaloración  de  precios  en insumos de obras realizadas en el   distrito   de   Majes,   según
denuncian"
98;13/06/2025;Marcha;Sindicato      de      Obreros Municipales de Ventanilla;Ventanilla, Callao, Callao;"Exigen    a    la    Municipalidad
Distrital  de  Ventanilla  el  pago de remuneraciones"
99;13/06/2025;Plantón;Sindicato  de  Trabajadores Obreros            de            la Municipalidad Provincial de Trujillo;Trujillo, Trujillo, La Libertad;"Exigen    a    la    Municipalidad Provincial      de      Trujillo      el cumplimiento     de     acuerdos laborales  y  la  entrega  de  los
uniformes de verano 2025"
100;13/06/2025;Bloqueo;Población local de Perené;Perené, Chanchamayo, Junín;Exigen al Gobierno Regional de Junín     la     construcción     y culminación   de   la   obra   del Puente Noruega.
101;14/06/2025;Plantón;Vecinos    del    distrito    de Miraflores;Miraflores, Lima Metropolitana;Rechazan   gestión   municipal del alcalde de Miraflores
102;15/06/2025;Plantón;Deudos   de   víctimas   de accidente de tránsito;Azángaro, Azángaro, Puno;"Exigen     justicia     para     las víctimas    de    accidente    de
tránsito   en   la   provincia   de Azángaro"
103;16/06/2025;Plantón;"Federación                     de Trabajadores        de        la Industria  Manufacturera  y Servicios  Afines  del  Perú (FETRIMAP   -   CGTP)   y
bases,  Sindicato  Único  de Trabajadores de Ajinomoto
del Perú";Jesús María, Lima Metropolitana;Exigen  el  respeto  a la libertad sindical,       la       negociación colectiva y la derogatoria de la ley de ceses colectivos.
104;16/06/2025;Plantón;Población  local,  sociedad civil;Cercado de Lima, Lima Metropolitana;Respaldo     a     la     resolución emitida  por  la  Junta  Nacional de Justicia
105;16/06/2025;Bloqueo;"Madres        de        familia
beneficiarias del programa Vaso de Leche";Ate, Lima Metropolitana;"Exigen  a  la  Municipalidad  de
Ate la entrega de productos del programa Vaso de Leche"
106;16/06/2025;Plantón;Familiares  y  allegados  de cinco                pescadores desaparecidos;Máncora, Talara, Piura;"Exigen  a  la  Capitanía  local  el despliegue   de   acciones   de búsqueda y rescate para hallar
a            los            pescadores desaparecidos"
107;16/06/2025;Plantón;Padres de familia de la I.E. Guillermo Auza Arce;Alto de la Alianza, Tacna, Tacna;"Exigen   la   destitución   de   la
directora    de    la    I.E.,    pues aducen  falta  de  comunicación abierta  hacia  a  los  padres  e irregularidades     durante     su
gestión"
108;16/06/2025;Plantón;Trabajadores   municipales del Parque Néstor Martos;Piura, Piura;"Exigen    a    la    Municipalidad
Provincial de Piura el pago de remuneraciones"
109;16/06/2025;Plantón;Población  local  del  distrito de Namora, Asociación de Guías    Profesionales    en Turismo Cajamarca;Cajamarca, Cajamarca;"Exigen al Gobierno Regional de Cajamarca    la    ejecución    de obras en el distrito de Namora
en beneficio de la población y el turismo"
110;16/06/2025;Plantón;Sindicato      Unitario      de Trabajadores   Municipales de Chosica;Lurigancho, Lima Metropolitana;Exigen    el    respeto    de    sus derechos  laborales  y  respeto de la negociación colectiva
111;16/06/2025;Bloqueo;Transportistas  que  cubren la ruta Pampas–Huancayo;Pampas, Tayacaja, Huancavelica;"Rechazan que la Municipalidad Provincial  de  Tayacaja  (MPT) aplique   leyes   de   transporte urbano al sector de transporte interprovincial Además, exigen la     destitución     del     actual subgerente       de       Tránsito, Transporte  y  Seguridad  de  la
MPT"
112;16/06/2025;Plantón;Trabajadores  y  pacientes del   centro   de   salud   de Chilca;Chilca, Huancayo, Junín;"Exigen al Gobierno Regional de Junín nueva infraestructura del centro de salud para brindar un
adecuado servicio"
113;16/06/2025;Plantón;"Padres de familia de la I.E. Luis   Aguilar   Romani   del
A.H. Justicia, Paz y Vida";El Tambo, Huancayo, Junín;"Exigen a la UGEL Huancayo el retiro  del  docente  acusado  de no       impartir       clases       y comportamientos       indebidos durante    la    jornada    laboral,
según denuncian"
114;16/06/2025;Vigilia;Trabajadores del Ministerio Público;"Cercado de
Lima, Lima Metropolitana";Expresan apoyo a la Fiscal de la Nación
115;17/06/2025;Marcha;Sindicatos de trabajadores del sector público;Cercado de Lima, Lima Metropolitana;Exigen el respeto de derechos laborales
116;17/06/2025;Plantón;Cuerpo       médico        del Hospital           Goyeneche, Federación              Médica Peruana;Arequipa, Arequipa;Exigen     la     destitución     del gerente  regional  de  Salud  por ineficiente      gestión,      según denuncian
117;17/06/2025;Marcha;Técnicos farmacéuticos;Cajamarca, Cajamarca;Rechazan   ley   que   dictamina que  técnicos  de  farmacia  no pueden                      dispensar medicamentos.
118;17/06/2025;Plantón;Trabajadores  de  la  UGEL Maynas;Iquitos, Maynas, Loreto;"Exigen atención a su pliego de reclamos,  equipos,  viáticos,  el pago   de   remuneraciones   y mejores   en   las   condiciones
laborales"
119;17/06/2025;Plantón;Población  local  del  sector de Pachacútec;Callao, Callao;"Exigen  justicia  tras  la  captura de  presuntos  implicados  en  el
asesinato de un mototaxista"
120;17/06/2025;Plantón;"Asociación                      de
Comerciantes    Mayoristas de Puno";Puno, Puno;"Exigen    a    la    Municipalidad Provincial de Puno una gestión más  apropiada  del  sector  de
comercio"
121;17/06/2025;Toma;Estudiantes         de         la Universidad   Nacional   de Cajamarca (UNC);Cajamarca, Cajamarca;"Exigen a la UNC la culminación de las obras de infraestructura de las facultades de Ingeniería
Civil, Hidráulica y Obstetricia"
122;17/06/2025;Concentración;Sindicato     Nacional     de Empleados   Públicos   del Ejército         del         Perú (SINEPEP)   de   la   Quinta Brigada de Montaña Cusco;Wanchaq, Cusco, Cusco;"Exigen      al      Ministerio      de
Economía     y     Finanzas     la derogatoria  de  la  Ley  n°  1666 que regula los fondos públicos destinados   a   los   salarios   y beneficios   de   los   empleados públicos,  mejores  condiciones laborales y cumplimiento de las
negociaciones colectivas"
123;17/06/2025;Plantón;Madres de familia de la I.E. n° 20346 San Lorenzo;Santa María, Huaura, Lima Provincias;"Exigen el retiro de docente del centro    educativo    debido    a presuntos  malos  tratos  contra
alumnos"
124;17/06/2025;Plantón;Sindicato  de  Trabajadores Asistenciales Minsa Ilo;Ilo, Moquegua;"Exigen el cambio del director y el administrador del Hospital de Ilo, y el inicio de la negociación colectiva.  Además,  denuncian casos         de         negligencia
administrativa      y      maltrato laboral"
125;17/06/2025;Marcha;Sindicato  de  Trabajadores del      Hospital      Regional JAMO II-2 (SUTHA-JAMO);Tumbes, Tumbes;"Exigen al Gobierno Regional de Tumbes   mejoramiento   de   la infraestructura     del     Hospital Regional de Tumbes, así como el abastecimiento de insumos y
medicamentos"
126;17/06/2025;Plantón;Población  local  del  distrito de    Iguain,    comités    de regantes de Iguain;Iguain, Huanta, Ayacucho;"Exigen    a    la    Municipalidad Distrital    de    Iguain    que    se mantenga   el   caudal   de   las aguas     de     riego     de     las comunidades campesinas de la parte   superior   de   Iguain,  se priorice  la  contratación  de  un profesional    para    dejar    sin efecto el acta suscrita  el 2019 por  funcionarios  del  gobierno edil  distrital  sobre  el  uso  del agua a comunidades del distrito de Huamanguilla, y se continúe con el proceso de delimitación
territorial."
127;17/06/2025;Concentración;"Estudiantes                       y
profesionales   de   Trabajo Social";San Miguel, Lima Metropolitana;"Exigen    la    derogatoria    del Decreto Supremo 005-2025-TR que   consiste   en   eliminar   la obligación     de     contar     con
asistente  social  en  empresas con más de 100 trabajadores"
128;17/06/2025;Marcha;Junta    de    Usuarios    del Sector      Hidraúlico      de Huaura;Huacho, Huaura, Lima Provincias;"Expresan su apoyo a la actual gestión de la junta de usuarios y   rechazan   cambios   en   la
misma."
129;18/06/2025;Marcha;"Población   local   de   Ica,
colectivos       contra       la violencia a la mujer";Ica, Ica;"Exigen  justicia  ante  presunto
intento  de  feminicidio de la ex alcaldesa de Ica"
130;18/06/2025;Plantón;"Madres   de   familia   de   la
I.E.I. n° 26 Huaquirca";Huaquirca, Antabamba, Apurímac;"Exigen  la  renuncia  inmediata de   la   directora   del   plantel
debido       a       una       gestión ineficiente, según denuncian"
131;18/06/2025;Marcha;"Consorcio            Gamarra,
trabajadores                   de construcción civil";Huaraz, Huaraz, Áncash;Exigen       mayor       seguridad ciudadana
132;18/06/2025;Bloqueo;Frente  de  Defensa  de  los Intereses  de  la  Provincia de Lucanas;Puquio, Lucanas, Ayacucho;"Exigen   al   Congreso   de   la República   la   aprobación   del Proyecto de Ley n° 8282/2023- CR mediante el que se plantea la  creación  de  la  Universidad
Nacional Autónoma de Puquio"
;;;;;"(UNAPUL).  Asimismo,  exigen
la                       reorganización, implementación                       y equipamiento    del    Ministerio Público   de   la   provincia   de Lucanas;    y    la    nulidad    de autorizaciones de concesiones mineras    en    cabeceras    de cuenca.   También,   exigen   el reinicio  de  la  construcción  del Hospital de Apoyo Puquio Nivel II-2, la construcción de la UGEL Lucanas   Puquio,   entre   otras
demandas"
133;18/06/2025;Marcha;"Comité Nacional Unificado de      Lucha      del      Perú (CONULP),  Asociación  de Mujeres          Empresarias
Gamarra         –         Perú, Federación de Estudiantes de  la  Universidad  Agrario, Centro   Federado   Político UNMSM,          Movimiento Nuevo      Perú,      Partido Comunista           Peruano, Comisión Patriótica para la Defensa del Mar de Grau, Frente       Nacional       de Transportistas                   y Conductores     del     Perú, FEDIVEM   SJL,   Consejo Plurinacional                  del Tawantisuyo,
Coordinadora   Lima   Este, colectivos";Cercado de Lima, Lima Metropolitana;Rechazo a la presidenta de la República y al Congreso de la República. Asimismo, rechazan la     inseguridad     ciudadana, extorsión y asesinatos.
134;18/06/2025;Plantón;Población  local  del  distrito de Pilcomayo;Pilcomayo, Huancayo, Junín;"Exigen    a    la    Municipalidad Distrital    de    Pilcomayo    una solución     inmediata     a     la problemática  de  los  residuos
sólidos"
135;18/06/2025;Plantón;Población  local  del  distrito de            El            Tambo, Emprendedoras              de Mariscal   Castilla,   Comité de  Gestión  del  anexo  de Saños Chico;El Tambo, Huancayo, Junín;"Exigen    a    la    Municipalidad Distrital de El Tambo la firma de convenio  con  el  Ministerio  de Vivienda,      Construcción      y Saneamiento         para         el mejoramiento      del      drenaje
pluvial"
136;18/06/2025;Marcha;"Estudiantes                       y
profesionales   de   Trabajo Social";Arequipa, Arequipa;"Exigen    la    derogatoria    del Decreto Supremo 005-2025-TR que   consiste   en   eliminar   la obligación     de     contar     con asistente  social  en  empresas
con más de 100 trabajadores"
137;18/06/2025;Plantón;"Estudiantes                       y
profesionales   de   Trabajo Social";Huacho, Huaura, Lima Provincias;"Exigen    la    derogatoria    del Decreto Supremo 005-2025-TR que   consiste   en   eliminar   la obligación     de     contar     con
asistente  social  en  empresas con más de 100 trabajadores"
138;18/06/2025;Marcha;"Estudiantes                       y
profesionales   de   Trabajo Social";Huancayo, Huancayo, Junín;"Exigen    la    derogatoria    del Decreto Supremo 005-2025-TR que   consiste   en   eliminar   la obligación     de     contar     con
asistente  social  en  empresas con más de 100 trabajadores"
139;18/06/2025;Plantón;"Estudiantes                       y
profesionales   de   Trabajo Social";Chiclayo, Chiclayo, Lambayeque;Exigen    la    derogatoria    del Decreto Supremo 005-2025-TR que   consiste   en   eliminar   la
;;;;;"obligación     de     contar     con
asistente  social  en  empresas con más de 100 trabajadores"
140;18/06/2025;Concentración;"Estudiantes                       y
profesionales   de   Trabajo Social";Puno, Puno;"Exigen    la    derogatoria    del Decreto Supremo 005-2025-TR que   consiste   en   eliminar   la obligación     de     contar     con asistente  social  en  empresas
con más de 100 trabajadores"
141;18/06/2025;Plantón;"Estudiantes                       y
profesionales   de   Trabajo Social";Jesús María, Lima Metropolitana;"Exigen    la    derogatoria    del Decreto Supremo 005-2025-TR que   consiste   en   eliminar   la obligación     de     contar     con asistente  social  en  empresas
con más de 100 trabajadores"
142;18/06/2025;Marcha;"Docentes           de           la
Universidad          Nacional Santiago      Antúnez      de
Mayolo (UNASAM) Huaraz";Huaraz, Huaraz, Áncash;Exigen a la UNASAM mejores condiciones laborales
143;18/06/2025;Plantón;Familiares  de  pescadores desaparecidos;Piura, Piura;"Exigen al Gobierno Regional de Piura    la    búsqueda    de    los pescadores       de       Sechura
desaparecidos"
144;18/06/2025;Concentración;Asociación  Departamental de Cesantes y el Sindicato Magisterial;Piura, Piura;"Exigen     la     aprobación     del Proyecto  de  Ley  n°  4786  de pensión  proporcional  y  digna para  los  maestros  jubilados  y cesantes de la Carrera Pública
Magisterial."
145;18/06/2025;Paralización de actividades;Personal        obrero        y administrativo  del  a  obra del Hospital de Huancané;Huancané, Huancané, Puno;"Exigen el pago de salarios a la empresa     china     Gezhouba Group      Company      Limited Sucursal Perú, responsable de la     obra     del     Hospital     de
Huancané"
146;18/06/2025;Paro de 72 horas;Sindicato  de  Docentes  de la Universidad Nacional del Centro del Perú;El Tambo, Huancayo, Junín;"Exigen      al      Ministerio      de Economía y Finanzas un mayor presupuesto         para         las universidades   públicas,   pues falta    de    recursos    impacta negativamente   en   la   calidad educativa, la investigación y los servicios  que  brinda  la  casa superior   de   estudios,   según
denuncian"
147;18/06/2025;Plantón;"Profesionales                    y estudiantes  de  la  carrera
de Trabajo Social";"Huacho, Huaura, Lima
Provincias";"Rechazan el Decreto Supremo N.º 005-2025-TR debido a que
consideran que afecta su labor."
148;19/06/2025;Bloqueo;Población  local  del  distrito de Velille;Velille, Chumbivilcas, Cusco;"Exigen     a     las     autoridades nacionales    y    regionales    la ejecución      de      obras      de desarrollo    en    favor    de    la
población local."
149;19/06/2025;Plantón;Pacientes  con  cáncer  del Instituto      Regional      de Neoplásicas (IREN Centro);Huancayo, Huancayo, Junín;"Exigen al Gobierno Regional de Junín  medicinas,  movilidad  y
especialistas    para    el    IREN Centro"
150;19/06/2025;Concentración;Gremios de motociclistas;Chiclayo, Chiclayo, Lambayeque;Rechazan norma que obliga el uso  de  chalecos  reflectantes con el número de placa impreso
151;19/06/2025;Marcha rodante;Gremios de motociclistas;Andahuaylas, Apurímac;"Rechazan norma que obliga el
uso  de  chalecos  reflectantes con el número de placa impreso"
152;19/06/2025;Marcha rodante;Gremios de motociclistas;Piura, Piura;"Rechazan norma que obliga el
uso  de  chalecos  reflectantes con el número de placa impreso"
153;19/06/2025;Marcha rodante;Gremios de motociclistas;Trujillo, Trujillo, La Libertad;"Rechazan norma que obliga el
uso  de  chalecos  reflectantes con el número de placa impreso"
154;19/06/2025;Marcha rodante;Gremios de motociclistas;Ayacucho, Huamanga, Ayacucho;Rechazan norma que obliga el uso  de  chalecos  reflectantes con el número de placa impreso
155;19/06/2025;Marcha rodante;Gremios de motociclistas;Abancay, Abancay, Apurímac;Rechazan norma que obliga el uso  de  chalecos  reflectantes con el número de placa impreso
156;19/06/2025;Concentración;Gremios de motociclistas;Chimbote, Santa, Áncash;Rechazan norma que obliga el uso  de  chalecos  reflectantes con el número de placa impreso
157;19/06/2025;Marcha rodante;Gremios de motociclistas;San Isidro, Lima Metropolitana;"Rechazan norma que obliga el
uso  de  chalecos  reflectantes con el número de placa impreso"
158;19/06/2025;Marcha rodante;Gremios de motociclistas;"Chachapoyas,
Chachapoyas, Amazonas";"Rechazan norma que obliga el
uso  de  chalecos  reflectantes con el número de placa impreso"
159;19/06/2025;Concentración;Gremios de motociclistas;Tumbes, Tumbes;"Rechazan norma que obliga el uso  de  chalecos  reflectantes
con el número de placa impreso"
160;19/06/2025;Marcha rodante;Gremios de motociclistas;"Moyobamba, Moyobamba,
San Martín";"Rechazan norma que obliga el uso  de  chalecos  reflectantes
con el número de placa impreso"
161;19/06/2025;Plantón;Familiares  y  allegados  de nueve               pescadores desaparecidos;Bernal, Sechura, Piura;"Exigen    a    la    Municipalidad Distrital de Bernal y al gobierno nacional acciones de búsqueda y     rescate     de     pescadores
desaparecidos  del  distrito  de Bernal"
162;19/06/2025;Plantón;Federación                     de Conductores     de     autos colectivos de Jaén - Bagua;Jaén, Jaén, Cajamarca;Exigen       mayor       seguridad ciudadana           para           los transportistas.
163;19/06/2025;Bloqueo;Población    local    de    la provincia de Contumazá;Yonán, Contumazá, Cajamarca;Rechazan que el Ministerio de de  Desarrollo  Agrario  y  Riego entregue título habilitante de la infraestructura de Gallito Ciego
164;19/06/2025;Toma de universidad;"Estudiantes         de         la
Universidad          Nacional Federico Villarreal (UNFV)";Cercado de Lima, Lima Metropolitana;Exigen  a  la  UNFV  mejorar  el sistema de matrícula y brindar un  servicio  de  educación  de calidad a los alumnos
165;19/06/2025;Plantón;Sindicato     Nacional     de Trabajadores de Lindley;Trujillo, Trujillo, La Libertad;Exigen   solución   al   convenio colectivo
166;19/06/2025;Marcha;Población  local  del  distrito de Umari;Huánuco, Huánuco;"Exigen al Gobierno Regional de Huánuco  solución  al  conflicto por   el   recurso   hídrico   entre
población del distrito de Umari y Santa María del Valle"
167;19/06/2025;Plantón dentro de instalaciones;"Estudiantes         de         la
especialidad                   de Arquitectura de la Pontificia Universidad   Católica   del
Perú (PUCP)";San Miguel, Lima Metropolitana;"Rechazan   cancelación   de   la ""semana de maqueteo"""
168;19/06/2025;Plantón;Familiares    de    personas detenidas;Iquitos, Maynas, Loreto;"Exigen   la   liberación   de   sus familiares,   detenidos   por   el caso    de    malversación    de fondos   de   la   Municipalidad
Distrital de Pebas."
169;20/06/2025;Plantón;Sindicato     Nacional     de Trabajadores de Lindley;San Juan de Lurigancho, Lima Metropolitana;Exigen   solución   al   convenio colectivo
170;20/06/2025;Plantón;Madres de familia de la I.E. Los   Naturales   del   C.P. García Alonso;Huaral, Lima Provincias;Exigen al Gobierno Regional de Lima la atención urgente de la infraestructura      del      centro educativo
171;20/06/2025;Plantón;"Trabajadores        de        la
Municipalidad      Provincial del Santa";Santa, Áncash;"Exigen    a    la    Municipalidad
Provincial      del      Santa      el incremento de sus salarios"
172;20/06/2025;Bloqueo;Padres de familia de la I.E. Daniel Alcides Carrión;Chancay, Huaral, Lima Provincias;Exigen al Gobierno Regional de Lima  obras  de  mejora  en  la infraestructura      del      centro educativo
173;20/06/2025;Plantón;"Estudiantes         de         la
Universidad          Nacional Federico Villarreal (UNFV)";Cercado de Lima, Lima Metropolitana;"Exigen  a  la  UNFV  mejorar  el sistema de matrícula y brindar un  servicio  de  educación  de
calidad a los alumnos"
174;20/06/2025;Plantón;"Federación                     de
Trabajadores                  de Construcción      Civil      de Arequipa";Arequipa, Arequipa;"Exigen a la empresa encargada de la obra del Colegio Arequipa el   respeto   de   sus   derechos laborales.   Nota:   medida   de protesta se mantuvo hasta el 26
de junio."
175;20/06/2025;Plantón;"Padres  de  familia  del  I.E. Almirante        Grau        de Parachique       del       C.P.
Parachique";Sechura, Sechura, Piura;"Exigen    a    la    Municipalidad Provincial     de     Sechura     la continuación   de   la   obra   del
centro educativo"
176;20/06/2025;Plantón;"Sindicato      Unitario      de Trabajadores        en        la Educación       del       Perú (Sutep) región  Cajamarca,
instituciones educativas";Cajamarca, Cajamarca;"Exigen     ante     el     Gobierno Regional de Cajamarca el pago de  la  deuda  social  para  los cesantes y jubilados del sector
educativo"
177;20/06/2025;Marcha;"Federación                     de Trabajadores        de        la Industria  Manufacturera  y Servicios  Afines  del  Perú (FETRIMAP   -   CGTP)   y
bases";Jesús María, Lima Metropolitana;Exigen  ante  el  Ministerio  de Trabajo     y     Promoción     del Empleo la derogatoria de ley de ceses colectivos
178;20/06/2025;Marcha;Federación    Regional    de Rondas   Campesinas   de Cajamarca;San Ignacio, San Ignacio, Cajamarca;Rechazan      actividades      de minería  ilegal  e  informal  en  la provincia
179;20/06/2025;Marcha;"Población        local        de Requena,   CGTP,   alcalde de       la       Municipalidad
Provincial de Requena";Iquitos, Maynas, Loreto;"Exigen   al   gobierno   nacional mayor      presupuesto      para continuar  con  la  construcción
del nuevo hospital de Requena"
180;21/06/2025;Bloqueo;Población  local  del  sector de Yananaco;Ascensión, Huancavelica, Huancavelica;"Exigen  a  Provías  el  asfaltado definitivo     de     la     carretera Huancavelica  -  Santa  Inés  -
Rumichaca"
181;21/06/2025;Plantón;Población local de Comas;Comas, Lima Metropolitana;Exigen   justicia   por   maltrato animal y denuncian a presunta agresora de canes
182;21/06/2025;Marcha;"Estudiantes                       y
profesionales   de   Trabajo Social";Trujillo, Trujillo, La Libertad;"Exigen    la    derogatoria    del Decreto Supremo 005-2025-TR que   consiste   en   eliminar   la obligación     de     contar     con asistente  social  en  empresas
con más de 100 trabajadores"
183;23/06/2025;Plantón;Población         local         y comunidades   campesinas de la provincia de Castilla;Arequipa, Arequipa;"Exigen al Gobierno Regional de Arequipa el mantenimiento total de la principal vía que conecta
a  distritos  de  la  zona  media  y alta de la provincia de Castilla"
184;23/06/2025;Plantón;Población        local        de Chancay;Chancay, Huaral, Lima Provincias;"Expresan apoyo y solidaridad a comunicadora         que         se encuentra  bajo  proceso  en  el
Poder Judicial"
185;23/06/2025;Bloqueo;Población  local  del  anexo de Pachachaca;Yauli, Yauli, Junín;"Exigen  a  la  empresa  minera Volcán los pagos pendientes a la    empresa    comunal    y    la
renovación de contratos"
186;23/06/2025;Plantón;Padres de familia de la I.E. Prócer   Manuel   Calderón de la Barca;Coronel Gregorio Albarracín, Tacna, Tacna;"Rechazan ante la UGEL Tacna
el   recorte   de   personal   del centro    educativo.    Asimismo, exigen     el     comienzo     del
mantenimiento."
187;23/06/2025;Bloqueo;Trabajadores  del  Proyecto Especial       Jequetepeque Zaña (PEJEZA);Yonán, Contumazá, Cajamarca;"Rechazan  la  entrega  de  título habilitante de la infraestructura de la represa Gallito Ciego sin un causal técnico por parte del Ministerio de Desarrollo Agrario y Riego a la Junta de Usuarios
del Valle Jequetepeque"
188;23/06/2025;Plantón;Población  local,  sociedad civil;"Cercado de Lima, Lima
Metropolitana";Rechazan   restitución   de   ex Fiscal de la Nación
189;23/06/2025;Marcha;"Sindicato  de  Trabajadores Administrativos  y  Obreros de la Universidad Nacional
de Piura";Piura, Piura;Exigen     a     la     Universidad Nacional de Piura el respeto de los derechos laborales
190;23/06/2025;Marcha;Estudiantes         de         la Universidad   Nacional   de Santa;Chimbote, Santa, Áncash;"Exigen     a     la     Universidad Nacional    del    Santa    mayor calidad     de     enseñanza     y seguridad   en   las   salidas   a
campo"
191;24/06/2025;Marcha;Trabajadores  de  obra  de construcción   del   Hospital Leoncio Prado;Huamachuco, Sánchez Carrión, La Libertad;"Exigen        el        pago        de remuneraciones  a  la  empresa encargada    de    la    obra    de construcción      del      Hospital Leoncio     Prado.     Asimismo, denuncian  paralización  de  la
obra   e   inacción   del   alcalde provincial"
192;24/06/2025;Concentración;Comunidades  campesinas de la región Puno;Juliaca, San Román, Puno;"Exigen la derogatoria de la Ley N°     32293     y     el     Decreto Legislativo     N°     1620     por considerar    que    afectan    al
territorio comunal"
193;24/06/2025;Concentración;Comunidad  campesina  de Cara Cara Lampa;Juliaca, San Román, Puno;"Exigen la derogatoria de la Ley N°   32293   pues   vulnera   el derecho     a     la     propiedad
comunal, según denuncian."
194;24/06/2025;Marcha;"Federación              Agraria Revolucionaria               de Apurímac        -        FARA, comunidades   campesinas
y        comerciantes        de Abancay";Abancay, Abancay, Apurímac;Exigen la derogatoria de la Ley N°     32293     y     el     Decreto Legislativo     N°     1620     por considerar    que    afectan    al territorio comunal
195;24/06/2025;Marcha;Comunidad Campesina de Uchuchanas   -    Choco   - Castilla;Arequipa, Arequipa;"Exigen la derogatoria de la Ley N°  32293,  pues  vulnera  sus derechos        territoriales        y amenaza  la  autonomía  sobre sus  tierras  comunales,  según
denuncian."
196;24/06/2025;Plantón;Padres    de    familia    del colegio  Inicial  N.°  500  del distrito de la Victoria;La Victoria, Chiclayo, Lambayeque;"Exigen a la UGEL Lambayeque la inmediata construcción de su
institución     educativa     y     el cambio de la actual directora"
197;24/06/2025;Concentración;Movimiento       Ciudadano Frente al Cambio Climático (MOCICC),    Red    Muqui, Fomento     de     la     Vida (FOVIDA), CooperAcción;Chiclayo, Chiclayo, Lambayeque;"Exigen   al   gobierno   nacional una    agenda    nacional    que recoja       las       problemáticas regionales   y   las   alternativas que  se  están  impulsando  en torno   a   la   crisis   ambiental, climática     y     territorial,     en defensa    del    agua    y    sus
territorios."
198;24/06/2025;Toma de la universidad;Estudiantes         de         la Universidad   Nacional   del Altiplano;Puno, Puno;"Rechazan   el   incumplimiento
del  medio  pasaje  estudiantil  y demoras   en   la   entrega   de
carnets universitarios."
199;24/06/2025;Plantón;Comerciantes del Mercado de Puelles;Huánuco, Huánuco;"Denuncian   cobros   excesivos por  parte  de  la  Municipalidad Provincial de Huánuco para el uso   de   espacios   con   fines
comerciales"
200;25/06/2025;Plantón;"Trabajadores        de        la
Dirección     Regional     de Educación de Amazonas";"Chachapoyas,
Chachapoyas, Amazonas";"Exigen el cambio del director de
la     Dirección     Regional     de Educación de Amazonas."
201;25/06/2025;Plantón;Alumnas de la Universidad César Vallejo;Callao, Callao;"Exigen retiro de docente de la institución           debido           a acusaciones  de  hostigamiento
sexual"
202;25/06/2025;Concentración;"Estudiantes de la Facultad de Ciencias Sociales de la
Pontificia          Universidad Católica del Perú";San Miguel, Lima Metropolitana;Rechazan       presencia       del alcalde de la Municipalidad de Lima en la PUCP
203;25/06/2025;Plantón;Estudiantes de la Pontificia Universidad   Católica   del Perú (PUCP);San Miguel, Lima Metropolitana;Exigen a la PUCP el respeto de derechos  sociales  y  laborales de los jubilados de dicha casa de estudios
204;25/06/2025;Plantón;"Sindicatos                       de
Trabajadores  del  Hospital José    Agurto    Tello    de Chosica";Lurigancho, Lima Metropolitana;"Exigen la salida del director del departamento   de   cirugía   por presuntas  malas  gestiones  en el          abastecimiento         de medicamentos,       falta       de reactivos   médicos,   despidos
arbitrarios, entre otros."
205;25/06/2025;Plantón;Trabajadores   del   Colegio de      Alto      Rendimiento (COAR) de Chupaca;Huancayo, Junín;"Denuncian   el   incumplimiento de entrega de boletas de pago por    parte    de    la    empresa constructora encargada de una obra en el centro educativo, lo que      impide      acceder      a
beneficios    laborales,    según denuncian."
206;25/06/2025;Marcha;Rondas   Campesinas   del distrito de Huarmaca;Huarmaca, Huancabamba, Piura;Exigen al alcalde del distrito de Huarmaca  la  limpieza  de  vías carrozables,  mejoramiento  de veredas, entre otros.
207;25/06/2025;Bloqueo;Población local del caserío Piedritas;Pariñas, Talara, Piura;"Exigen  el  asfaltado  inmediato del  tramo  I  del  Proyecto  Vial Costanera             por             la contaminación        que        se generaría   por   la   polvareda,
según denuncian"
208;25/06/2025;Plantón;"Sindicato      de      Obreros
Municipales    Sullana    N° 170";Sullana, Sullana, Piura;"Exigen el respeto de derechos
laborales         y         convenios colectivos"
209;25/06/2025;Plantón;Pescadores  artesanales  y trabajadores    del    muelle privado Océano Seafood;Islay, Islay, Arequipa;"Denuncian       inacción       del Gobierno Regional de Arequipa y  al  Ministerio  de  Producción frente al riesgo que representa el estado actual del cerro Domo
La Virgen"
210;25/06/2025;Plantón;Población local del C.P. de Barraza;Trujillo, La Libertad;Exigen  la  aprobación  de  rutas de transporte que atraviesen el centro poblado
211;26/06/2025;Plantón;"Sindicato     Unificado     de Trabajadores  de  la  Única Base de la FENTUP-CGTP (Federación   Nacional   de Trabajadores       de       las
Universidades del Perú)";Ica, Ica;"Exigen      al      Ministerio      de Economía     y     Finanzas     el ""aumento   de   espacio   fiscal"" para  incremento  de  sueldos  a través     de     la     negociación
colectiva                centralizada."
;;;;;"Además,           exigen           el
otorgamiento de beneficios por Compensación  por  Tiempo  de Servicios            (CTS)            y gratificaciones   a   trabajadores
del régimen CAS"
212;26/06/2025;Concentración;"Sindicato  de  Trabajadores Administrativos      de      la
Universidad   Nacional   de Tumbes";Tumbes, Tumbes;"Exigen pase a régimen laboral 276  y  728;  así  como  mejoras
laborales y pago de beneficios sociales."
213;26/06/2025;Bloqueo;Sindicato        Único        de Trabajadores Administrativo       de       la Universidad   Nacional   de Trujillo (UNT);Trujillo, Trujillo, La Libertad;"Exigen     a     la     Universidad Nacional     de     Trujillo     una pensión        digna        y        la promulgación           de           la modificación    D.L.    N°    1666 aprobada por el Congreso de la
República"
214;26/06/2025;Marcha;"Sindicato  de  Trabajadores Municipales         Celendín, Sindicato  de  Trabajadores Municipales        de        La Encañada,    Sindicato    de Trabajadores        de        la Municipalidad Provincial de Cajamarca, Confederación General   de   Trabajadores
del Perú (CGTP)";Cajamarca, Cajamarca;Exigen       la       mejora       de condiciones       laborales       y cumplimiento    de    convenios colectivos.
215;26/06/2025;Plantón;Sindicato        Único        de Trabajadores Administrativos  del  Sector Salud Red Trujillo;Trujillo, Trujillo, La Libertad;"Exigen   la   derogatoria   de   la denominada    Ley    Servir,    el cumplimiento     del     convenio
colectivo   y   el   ""aumento   de espacio fiscal"""
216;26/06/2025;Concentración;Central Única Regional de Rondas Campesinas Puno;Puno, Puno;"Rechazan   la   Ley   n°   32293, pues    generará    despojo    de tierras      comunales,      según denuncian.  Además,  rechazan contaminación     de     Cuenca Ramis,   Cuenca   Llallimayo   y
Lago  Titicaca  a  causa  de  la actividad extractiva"
217;26/06/2025;Marcha;Confederación Nacional de Pequeña Minería y Minería Artesanal        del        Perú (Confemin);Cercado de Lima, Lima Metropolitana;Exigen     la     ampliación     del Registro          Integral          de Formalización Minera (Reinfo)
218;26/06/2025;Plantón;Padres de familia de la I.E. Guillermo Auza Arce;"Coronel Gregorio Albarracín Lanchipa,
Tacna, Tacna";Rechazan ante la UGEL Tacna el  retorno  de  la  directora  del centro educativo.
219;26/06/2025;Plantón;"Trabajadores   del   Centro Emergencia  Mujer  (CEM)
Villa Rica";"Villa Rica, Oxapampa,
Pasco";Exigen           un           aumento presupuestal
220;26/06/2025;Plantón;Trabajadoras   del   Centro Emergencia  Mujer  (CEM) Sullana;Sullana, Piura;Exigen    mejores    condiciones laborales.
221;26/06/2025;Concentración;Docentes     del     régimen laboral CAS del Colegio de Alto Rendimiento Tacna;Tacna, Tacna;Exigen           aumento          de remuneraciones,    negociación colectiva, y mejoras laborales.
222;26/06/2025;Marcha;Sindicatos de trabajadores municipales;Cercado de Lima, Lima Metropolitana;Exigen    mejores    condiciones laborales    para    trabajadores municipales del sector público
223;26/06/2025;Marcha;Sindicatos de trabajadores municipales;Chiclayo, Chiclayo, Lambayeque;"Exigen     el     incremento     de remuneraciones,    negociación colectiva justa, nombramiento a CAS, eliminación de Ley Servir,
entre otras demandas."
224;27/06/2025;Marcha;"Sindicato      Unitario      de
Trabajadores del Gobierno Regional de Ayacucho";"Ayacucho,
Huamanga, Ayacucho";"Exigen  al  gobierno  central  el
""aumento  de  espacio  fiscal""  y mejoras salariales"
225;27/06/2025;Bloqueo;Padres de familia de la I.E. Víctor   Raúl   Haya   de   la Torre;San Juan de la Virgen, Tumbes, Tumbes;Exigen al Gobierno Regional de Tumbes el mantenimiento de la infraestructura      del      centro educativo
226;27/06/2025;Marcha;Madres de familia de la I.E. Jorge Chávez;Comas, Lima Metropolitana;"Exigen a la UGEL 04 - Comas la   instalación   de   módulos   y reconstrucción,      dados      los daños      causados      en      la infraestructura tras un sismo en
Lima."
227;27/06/2025;Bloqueo;Asociación    de     Mineros Artesanales                    de Chumbivilcas;Colquemarca, Chumbivilcas, Cusco;"Exigen     la     ampliación     del proceso      de      formalización minera y la aprobación de la ley
de Pequeña Minería y Minería Artesanal (Ley MAPE)"
228;27/06/2025;Concentración;A.H. Las Dalias;"Veintiséis de
Octubre, Piura, Piura";Exigen a la EPS Grau obras de saneamiento
229;27/06/2025;Marcha;"Comité      Colegiado      de Organizaciones        región Puno,            Coordinadora Nacional   Unitaria   región
Arequipa";Moquegua, Mariscal Nieto, Moquegua;Exigen    la    culminación    del Gasoducto   Sur   Andino   y   la masificación del gas vía ducto
230;28/06/2025;Marcha;Colectivos               LGTBI, sociedad civil;"Jesús María, Lima
Metropolitana";"Exigen    el    respeto    de    los derechos    de    la    población
LGBTI"
231;29/06/2025;Plantón dentro de instalaciones;Pacientes  del  Hospital  IV Augusto            Hernández Mendoza EsSalud;Ica, Ica;"Exigen  al  director  del  Hospital
IV        Augusto        Hernández
Mendoza  EsSalud  brindar  un adecuado servicio de salud"
232;29/06/2025;Marcha;Comunidad       campesina Ccollana;Quiñota, Chumbivilcas, Cusco;"Exigen  al  alcalde  distrital  de Quiñota  obras  en  favor  de  la población     local.     Asimismo, rechazan  presuntos  actos  de
corrupción durante su gestión"
233;30/06/2025;Marcha;Padres de familia de la I.E. Virgen    de    la    Medalla Milagrosa;Independencia, Lima Metropolitana;Exigen  el  desarrollo  de  clases presenciales    en    el    centro educativo
234;30/06/2025;Bloqueo;Confederación Nacional de la    Pequeña    Minería    y Minería Artesanal del Perú (Confemin),    trabajadores mineros del sur del Perú;Ocoña, Camaná, Arequipa;"Exigen     la     ampliación     del Registro          Integral          de Formalización Minera (Reinfo), aprobación de la nueva ley para la  pequeña  minería  y  minería artesanal         (MAPE),         la derogatoria       del       derecho supremo  nº  009-2025-EM  que reglamenta la ley nº 32213, la derogatoria  del  D.S.  nº  012- 2025-EM    que    establece    el
cierre      del      proceso      de formalización."
235;30/06/2025;Plantón;Sindicato de Empleados de Siderperú;Chimbote, Santa, Áncash;"Exigen a la empresa Siderperú el   respeto   de   sus   derechos laborales. Además, exigen a le empresa      la      emisión      de certificados   de   Alto   Riesgo, documentos       indispensables que permiten a los trabajadores acceder al régimen especial de
jubilación       minera,       según denuncian"
236;30/06/2025;Plantón;Federación    Peruana    de Vóley;"Jesús María,
Lima Metropolitana";"Denuncian            que            la
Municipalidad Distrital de Jesús María     ha     clausurado     las"
;;;;;"instalaciones   del   Coliseo   El
Olivar donde realizan prácticas"
237;30/06/2025;Plantón;"Sindicato  de  trabajadores
del  Gobierno  Regional  de Áncash";Huaraz, Huaraz, Áncash;"Exigen al Gobierno Regional de
Áncash      el      inicio      y      la culminación de obras"
238;30/06/2025;Plantón;"Sindicato      Unitario      de Trabajadores Administrativos de Centros
Educativos     e     Institutos Superiores (SUTACE)";Piura, Piura;Exigen  el  pago  de  beneficios sociales  al  Gobierno  Regional de Piura
239;30/06/2025;Toma de universidad;Federación de Estudiantes Universitarios       de       la Universidad   Nacional   de San    Antonio    Abad    del Cusco;Cusco, Cusco;"Exigen la entrega inmediata de los   carnéts   universitarios,   el cese     de     agresiones     del personal             administrativo, mejoras     urgentes     en     la residencia  estudiantil,  claridad sobre       el       proceso       de bachillerato                   2025-1,
transparencia           en           el nombramiento    de    docentes, atención      efectiva      a      las denuncias de acoso sexual en la  universidad,  habilitación  de cenas       en      el      comedor universitario,    mejora    en    la infraestructura         de         los laboratorios          y          mejor
funcionamiento de la Oficina de Control Interno (OCI)."
240;30/06/2025;Bloqueo;Confederación Nacional de Pequeña Minería y Minería Artesanal       del       Perú, trabajadores   mineros   del distrito de Quiruvilca;Quiruvilca, Santiago de Chuco, La Libertad;"Exigen     la     ampliación     del Registro          Integral          de Formalización Minera (Reinfo), aprobación de la nueva ley para la  pequeña  minería  y  minería artesanal         (MAPE),         la derogatoria       del       derecho supremo  nº  009-2025-EM  que reglamenta la ley nº 32213, la derogatoria  del  D.S.  nº  012- 2025-EM    que    establece    el cierre      del      proceso      de
formalización."
241;30/06/2025;Vigilia;Colectivos y trabajadoras;Huancayo, Huancayo, Junín;Rechaza   violencia   contra   la mujer
242;30/06/2025;Plantón;Comunidades  campesinas de      la      provincia      de Churcampa;Churcampa, Huancavelica;"Exigen     al     alcalde    de    la Municipalidad    Provincial    de Churcampa   la   ejecución   de obras      de      desarrollo      en beneficio  de  la  comunidades
campesinas de la provincia"
243;30/06/2025;Bloqueo;Padres de familia de la I.E. n° 601515 San Pablo de la Luz;San Juan Bautista, Maynas, Loreto;"Exigen    a    la    Municipalidad Distrital de San Juan Bautista la construcción     y     reparación urgente  del  cerco  perimétrico
del centro educativo"
244;30/06/2025;Concentración;Vecinos   del   A.H.   15   de marzo;Bellavista, Sullana, Piura;Exigen    justicia    para    joven agredido                 físicamente. Asimismo, exigen sanción para el presunto agresor
245;30/06/2025;Plantón;Padres de familia de la I.E. 88187 del C.P. Chalán;Conchucos, Pallasca, Áncash;Exigen    UGEL    Pallasca    la contratación de docentes
246;30/06/2025;Concentración;Vecinos del distrito de San Miguel;San Miguel, Lima Metropolitana;Rechazan     construcción     de Arena  Lima  en  Parque  de  las Leyendas
